{"train_loss": 0.05513141310368288, "train_acc": 0.9798859201441009, "train_f1": 0.9798859153099532}