{"train_loss": 0.04586655961026661, "train_acc": 0.984488366274706, "train_f1": 0.984488366274706}